SpecialOfferID,Description,TotalOrderQuantity,LineTotal
2,Volume Discount 11 to 14,2521398,882114476.174208
3,Volume Discount 15 to 24,221622,12497965.9143
4,Volume Discount 25 to 40,9324,176119.371
9,Road-650 Overstock,3404,559712.5716
13,Touring-3000 Promotion,56100,19241480.015625
14,Touring-1000 Promotion,5516,8040609.844800001
