antecedents,consequents,antecedent support,consequent support,support,confidence,lift,leverage,conviction,zhangs_metric
frozenset({'Saddle 1'}),frozenset({'Saddle 2'}),0.3333333333333333,0.3333333333333333,0.3333333333333333,1.0,3.0,0.2222222222222222,inf,0.9999999999999999
frozenset({'Saddle 2'}),frozenset({'Saddle 1'}),0.3333333333333333,0.3333333333333333,0.3333333333333333,1.0,3.0,0.2222222222222222,inf,0.9999999999999999
