antecedents,consequents,antecedent support,consequent support,support,confidence,lift,leverage,conviction,zhangs_metric
"frozenset({'Long-Sleeve Logo Jersey, L'})",frozenset({'AWC Logo Cap'}),0.014084507042253521,0.028169014084507043,0.014084507042253521,1.0,35.5,0.013687760365006943,inf,0.9857142857142858
"frozenset({'Touring-1000 Yellow, 46'})","frozenset({'Classic Vest, S'})",0.014084507042253521,0.14084507042253522,0.014084507042253521,1.0,7.1,0.01210077365602063,inf,0.8714285714285714
"frozenset({'Full-Finger Gloves, M'})","frozenset({'Full-Finger Gloves, L'})",0.028169014084507043,0.30985915492957744,0.028169014084507043,1.0,3.2272727272727275,0.019440587185082327,inf,0.7101449275362319
frozenset({'AWC Logo Cap'}),"frozenset({'Long-Sleeve Logo Jersey, L'})",0.028169014084507043,0.014084507042253521,0.014084507042253521,0.5,35.5,0.013687760365006943,1.971830985915493,1.0
frozenset({'Hitch Rack - 4-Bike'}),"frozenset({'Classic Vest, S'})",0.028169014084507043,0.14084507042253522,0.014084507042253521,0.5,3.55,0.010117040269787742,1.7183098591549295,0.7391304347826088
