support,itemsets
0.156312625250501,Water Bottle - 30 oz.
0.1523046092184369,Mountain Tire Tube
0.11322645290581163,"Sport-100 Helmet, Black"
0.11022044088176353,"Sport-100 Helmet, Blue"
0.10420841683366733,Patch Kit/8 Patches
0.09318637274549098,"Sport-100 Helmet, Red"
0.08917835671342686,AWC Logo Cap
0.08316633266533066,Fender Set - Mountain
