support,itemsets
0.15805022156573117,Water Bottle - 30 oz.
0.12112259970457903,Patch Kit/8 Patches
0.1189069423929099,AWC Logo Cap
0.11225997045790251,"Sport-100 Helmet, Red"
0.1085672082717873,"Sport-100 Helmet, Black"
0.10782865583456426,Mountain Tire Tube
0.10709010339734121,"Sport-100 Helmet, Blue"
0.09084194977843427,Fender Set - Mountain
