support,itemsets
0.12875536480686695,Water Bottle - 30 oz.
0.10944206008583691,Patch Kit/8 Patches
0.09012875536480687,Mountain Tire Tube
