support,itemsets
0.1685185185185185,Water Bottle - 30 oz.
0.1259259259259259,Road Tire Tube
0.11851851851851852,"Sport-100 Helmet, Black"
0.11666666666666667,AWC Logo Cap
0.1037037037037037,"Sport-100 Helmet, Blue"
0.1037037037037037,"Sport-100 Helmet, Red"
0.09814814814814815,Patch Kit/8 Patches
