TerritoryID,support,itemsets
6,0.10102040816326531,Fender Set - Mountain
7,0.10120068610634649,"Sport-100 Helmet, Red"
10,0.1034965034965035,"Sport-100 Helmet, Blue"
8,0.1037037037037037,"Sport-100 Helmet, Blue"
8,0.1037037037037037,"Sport-100 Helmet, Red"