support,itemsets
0.1509433962264151,Water Bottle - 30 oz.
0.12178387650085763,Patch Kit/8 Patches
0.12006861063464837,Road Tire Tube
0.11492281303602059,AWC Logo Cap
0.10463121783876501,"Sport-100 Helmet, Blue"
0.10463121783876501,Touring Tire Tube
0.10120068610634649,"Sport-100 Helmet, Red"
