support,itemsets
0.13706293706293707,Road Tire Tube
0.12727272727272726,Water Bottle - 30 oz.
0.12167832167832168,AWC Logo Cap
0.11608391608391608,Patch Kit/8 Patches
0.1034965034965035,"Sport-100 Helmet, Blue"
