support,itemsets
0.16176706827309237,Water Bottle - 30 oz.
0.10859437751004015,Mountain Tire Tube
0.10843373493975904,Patch Kit/8 Patches
0.10666666666666667,AWC Logo Cap
0.10136546184738955,"Sport-100 Helmet, Black"
0.09943775100401607,"Sport-100 Helmet, Red"
0.09718875502008033,"Sport-100 Helmet, Blue"
0.09092369477911647,Fender Set - Mountain
