support,itemsets
0.16310975609756098,Water Bottle - 30 oz.
0.12004573170731707,AWC Logo Cap
0.10670731707317073,"Sport-100 Helmet, Red"
0.1055640243902439,Road Tire Tube
0.09870426829268293,Patch Kit/8 Patches
0.09603658536585366,"Sport-100 Helmet, Black"
0.09336890243902439,"Sport-100 Helmet, Blue"
