support,itemsets
0.1685917915949865,Water Bottle - 30 oz.
0.1594986483165397,Mountain Tire Tube
0.13246497911034652,Patch Kit/8 Patches
0.11943966576554436,AWC Logo Cap
0.11378717129515852,"Sport-100 Helmet, Black"
0.11255836814942247,"Sport-100 Helmet, Red"
0.10936347997050873,"Sport-100 Helmet, Blue"
0.09830425165888425,Fender Set - Mountain
0.08896534775129024,Mountain Bottle Cage
