support,itemsets
0.16371543957750853,Water Bottle - 30 oz.
0.12084498291394843,AWC Logo Cap
0.10624417520969245,Patch Kit/8 Patches
0.1043802423112768,"Sport-100 Helmet, Red"
0.10220565392979186,"Sport-100 Helmet, Blue"
0.10127368748058403,Road Tire Tube
0.09350730040385213,Touring Tire Tube
0.09288598943771358,"Sport-100 Helmet, Black"
