support,itemsets
0.12012275317843052,Water Bottle - 30 oz.
0.09791027327195674,Patch Kit/8 Patches
