support,itemsets
0.14184131736526945,Water Bottle - 30 oz.
0.1126497005988024,Patch Kit/8 Patches
0.11077844311377245,AWC Logo Cap
0.10965568862275449,Road Tire Tube
0.10853293413173652,"Sport-100 Helmet, Red"
0.10479041916167664,Touring Tire Tube
0.10142215568862276,"Sport-100 Helmet, Blue"
0.09206586826347306,"Sport-100 Helmet, Black"
