support,itemsets
0.1562908141053548,Water Bottle - 30 oz.
0.14040052242054854,Mountain Tire Tube
0.11275576839355682,Patch Kit/8 Patches
0.10100130605137135,"Sport-100 Helmet, Blue"
0.09098824553765782,Fender Set - Mountain
0.08968219416630388,AWC Logo Cap
0.0890291684806269,"Sport-100 Helmet, Black"
0.08315193730953417,"Sport-100 Helmet, Red"
